Name,AccountNumber,Phone,AnnualRevenue,External_Id__c
CloudBat,98-113-6824,8949839319,9999,A001
Hartmann Inc,03-740-5920,2855938232,10000,A002
Walker-Labadie,90-328-4529,9455900766,9999,A003
Bradtke-Blick,20-629-2855,1098392565,9999,A004
Cummings LLC,71-588-1137,3545274579,10000,A005
Mills and Sons,77-865-6547,3972026660,9999,A006
Zieme Group,07-298-1572,1416742045,9999,A007
"Jacobs, Pollich and Lockman",72-804-9589,5611525837,10000,A008
"Homenick, Jones and Kutch",53-744-8998,4324269073,9999,A009
"Hilll, Buckridge and Jenkins",07-221-0572,4845369600,10000,A010
Considine LLC,70-342-8442,8295558679,9999,A011
Armstrong Inc,13-529-5087,9254645998,10000,A012
Littel-Schaefer,09-072-9320,2935601207,9999,A013
"Veum, Toy and Lebsack",74-147-0106,3357636452,9999,A014
"Hermiston, Rath and Dicki",54-535-3619,3725367021,10000,A015
Mante and Sons,74-533-3967,7647793372,10000,A016
Zemlak-Hudson,59-845-0109,7527400821,9999,A017
Lockman-Huel,93-114-1248,8165225740,9999,A018
Kunde and Sons,45-235-5805,7403976174,9999,A019
Lehner-Franecki,35-118-7538,7708681074,9999,A020
Leuschke and Sons,23-934-4165,8563633909,9999,A021
"Welch, Rempel and Haag",83-549-7974,5382895995,10000,A022
"Spinka, Reichel and Vandervort",49-465-0964,8397891040,9999,A023
Conroy-Fisher,90-370-0835,8934623418,9999,A024
Torp Inc,57-853-1302,2805011621,9999,A025
Waelchi-MacGyver,24-469-9735,6287683365,9999,A026
"Hilpert, Schaden and Daugherty",21-043-9856,8823002365,9999,A027
"Considine, Reynolds and Beatty",39-976-8886,7917271918,9999,A028
Mitchell-Zemlak,79-394-1486,8739162121,9999,A029
Kemmer and Sons,56-736-0013,5995194453,10000,A030
Yost and Sons,95-713-3205,9597074878,9999,A031
"Corwin, Leffler and Daniel",48-515-1821,5153513626,9999,A032
Wisozk-Quigley,45-829-2326,6681199399,9999,A033
Crona-Runte,49-138-2400,1836270547,9999,A034
"Kertzmann, Heidenreich and Hermann",29-518-3565,3675381018,10000,A035
"Kunde, Okuneva and Brekke",02-700-8150,5335500782,10000,A036
McKenzie-Ryan,85-606-3294,1893552943,9999,A037
Olson-McCullough,99-902-4194,8936733550,9999,A038
Kirlin LLC,49-628-0529,4939554077,9999,A039
Murphy-Marks,47-245-0539,9048871440,9999,A040
Miller Group,44-865-1154,9939874567,10000,A041
"Schamberger, Armstrong and Goodwin",20-164-3411,9813581941,10000,A042
Kuhlman and Sons,51-402-4355,5817566113,10000,A043
"Koss, Ullrich and Halvorson",28-704-7721,1788984068,10000,A044
Wehner-Kirlin,55-326-1899,4502145439,9999,A045
"Carter, Wolff and Oberbrunner",76-431-8478,6744283467,9999,A046
"Hettinger, Langworth and Kshlerin",54-586-4684,7341149202,9999,A047
Wuckert-Hermiston,72-777-5963,3795108254,9999,A048
"Jones, Hammes and Effertz",88-463-7304,5396744614,10000,A049
Aufderhar-Schamberger,41-045-0247,8363668854,10000,A050
Kautzer Inc,75-029-0322,2112990976,10000,A051
"Ankunding, Donnelly and Schiller",53-440-9283,7603976504,10000,A052
Gutmann-Stoltenberg,10-900-4449,4529192652,9999,A053
"Bayer, Halvorson and Hartmann",98-747-0383,8425310853,10000,A054
Fisher and Sons,00-607-9788,5042772742,9999,A055
Gulgowski LLC,40-370-3251,2519630298,9999,A056
Grimes-Walsh,07-332-5583,3218204453,10000,A057
Wehner-Jakubowski,82-611-1961,8625693380,10000,A058
"Hilll, Braun and Moen",02-619-7844,2169703320,10000,A059
O'Keefe-Feest,94-599-2564,2595066873,10000,A060
Armstrong-Dicki,69-485-9674,6096991245,10000,A061
Lebsack-Mueller,23-903-4584,8783870523,10000,A062
"Reichert, Schmitt and Nitzsche",17-810-6500,4079302885,9999,A063
Grady Inc,04-617-2285,2643239307,9999,A064
Kris-Bartoletti,91-701-1456,6198327028,9999,A065
"Smith, Lang and Denesik",65-508-3404,6041571090,9999,A066
Stroman Group,28-017-3269,3417998534,9999,A067
"Swift, Dooley and Jerde",13-701-4046,4406551792,10000,A068
Feeney-Koelpin,40-283-2285,3445657188,10000,A069
Spencer-Schulist,11-073-9694,3474828846,10000,A070
Hickle-Balistreri,85-066-4456,4316378853,10000,A071
"Reynolds, Hilll and Green",77-872-2962,1779305393,10000,A072
Schamberger Group,80-063-5530,3499358088,9999,A073
Jacobi-Yundt,73-808-0210,1933641452,10000,A074
Wehner-Toy,79-618-4477,1877916399,10000,A075
"Jacobi, Hansen and Schuster",99-874-0228,8721259625,10000,A076
Schaefer and Sons,59-380-4209,1428249861,10000,A077
"Farrell, O'Connell and Farrell",03-181-0064,7382660935,9999,A078
"Yost, Bahringer and Mohr",09-503-8397,8108986493,9999,A079
"Thompson, Cronin and Ferry",68-249-7826,4632249149,9999,A080
O'Kon-Grimes,54-887-7876,1296115516,10000,A081
Kulas-Bashirian,83-981-1597,6791855937,10000,A082
Sporer-Heller,13-862-5537,4068235273,10000,A083
Braun Group,73-524-6033,3009164895,10000,A084
Reynolds-Nikolaus,77-323-5234,6842681519,9999,A085
Thompson-Rempel,09-483-3187,5528203734,9999,A086
Bernier-Nienow,75-265-6191,5721960074,10000,A087
"O'Reilly, Larson and Raynor",20-143-7234,6598364126,10000,A088
"Hudson, Hammes and Stokes",02-442-3694,4181831738,9999,A089
Sipes-Stokes,32-698-4352,5938977129,10000,A090
Harvey and Sons,66-239-5230,4225058118,10000,A091
Lowe-Gutkowski,37-971-3308,6369375642,9999,A092
Keebler-Rodriguez,04-383-1308,5038081427,9999,A093
Collier Inc,76-677-5363,2224484476,10000,A094
"Roob, Sawayn and Mosciski",05-465-9974,8183957853,9999,A095
Kertzmann Group,37-252-6203,4747152798,9999,A096
Fisher-Mayert,29-576-9921,7762248004,10000,A097
Hand-Buckridge,54-850-0822,9501728197,9999,A098
"Wolff, Beer and Herman",16-215-2234,7049747863,10000,A099
"Parisian, Bednar and Schinner",10-404-3305,6341875786,9999,A100
Marks-Wolf,26-079-0932,5615462477,9999,A101
Sanford Group,15-675-8314,9515769090,9999,A102
Brown and Sons,08-532-6467,5533177049,9999,A103
"Barton, Olson and Feil",89-121-8782,8976085130,9999,A104
Bayer-Toy,03-063-8574,4162279225,9999,A105
"Pacocha, Senger and Walsh",73-580-5179,9104509776,9999,A106
"Wisoky, Schinner and Herzog",66-326-0255,4035855842,9999,A107
"Von, Bradtke and Legros",26-498-5524,4149457823,9999,A108
Rowe-Gerhold,55-350-3253,4834857424,10000,A109
"Gislason, Rodriguez and Toy",77-047-5844,8116646713,9999,A110
Reichert Inc,86-047-8937,3258223220,10000,A111
Parisian-Fay,78-322-1166,1806700391,9999,A112
Gulgowski-Runolfsdottir,28-169-4905,1186986735,10000,A113
Klein and Sons,09-384-4086,4505748168,9999,A114
Kerluke-Langworth,76-346-2920,3736210421,9999,A115
Leuschke-Schulist,06-565-9111,3801649288,10000,A116
"Hettinger, Leffler and Wilkinson",88-508-9543,2657378218,9999,A117
Jacobs-Ward,94-115-1572,2362370091,9999,A118
Reynolds and Sons,17-376-3778,5081160054,10000,A119
Kertzmann Group,07-268-2961,4277585045,10000,A120
Hermiston-Romaguera,47-223-5674,7266469581,9999,A121
Rempel-O'Reilly,16-098-1636,1777908975,9999,A122
Buckridge-Schultz,13-035-2654,6911490680,9999,A123
Kuhn LLC,87-065-9043,7955735948,9999,A124
"Windler, Hilpert and Farrell",42-191-0131,3278059469,10000,A125
"Lang, Bayer and O'Connell",97-306-7947,9213954839,10000,A126
Hodkiewicz LLC,79-130-0367,5874686628,9999,A127
Windler-Braun,83-248-9084,9552515654,10000,A128
Gottlieb-Balistreri,66-063-9691,3289599909,9999,A129
Hudson-Hilll,30-359-8993,8069396482,10000,A130
Hermiston Group,20-590-6732,4931911298,9999,A131
Medhurst-Lemke,33-838-7477,7535256802,9999,A132
Nikolaus-Huels,13-989-7849,2339140100,10000,A133
Hills-Donnelly,24-358-2753,9363005382,9999,A134
Wuckert LLC,75-811-2776,5557682397,10000,A135
Lueilwitz-Heathcote,89-575-1406,1521286960,9999,A136
Armstrong Inc,72-599-1453,2575002621,10000,A137
Kling Group,05-860-4138,1541233257,10000,A138
Tromp and Sons,29-171-8488,9185153935,9999,A139
Bode-Kohler,14-081-5366,9538282367,10000,A140
"Herman, Bauch and Jakubowski",30-071-8086,9913611048,10000,A141
Rath-Greenholt,95-396-6495,3746816191,9999,A142
"Bashirian, Hilpert and Bailey",35-707-9948,3172794965,9999,A143
"Daniel, Streich and O'Connell",92-826-9081,6732301720,10000,A144
Braun-Baumbach,14-755-5656,6429815360,10000,A145
Turcotte Inc,99-760-1735,9242791465,10000,A146
Gorczany Group,47-935-7649,9698832509,10000,A147
Waelchi Inc,34-783-2651,4449542742,10000,A148
Ward LLC,29-460-4604,5653410832,10000,A149
Boehm-Schuster,42-241-6665,5045076591,10000,A150
Pfeffer Group,94-877-2723,5465406690,9999,A151
Hoppe-Dickens,38-336-7401,2072415469,9999,A152
Mosciski Inc,88-636-5084,3694524641,9999,A153
Casper LLC,04-839-4131,7465028494,9999,A154
"Tillman, Marks and Hammes",28-539-7332,1755776741,9999,A155
Leannon-Lakin,43-268-6626,4072619099,9999,A156
Rippin LLC,97-174-8814,6364031867,9999,A157
White-Emmerich,02-140-4170,6424798754,10000,A158
Frami-Runte,80-457-3409,9744191903,9999,A159
"Jakubowski, Fisher and Schroeder",84-023-7263,7884820538,10000,A160
Gaylord-Schneider,25-903-0723,9946563739,10000,A161
"Carter, Macejkovic and Hintz",54-520-6990,5416136243,9999,A162
"Zulauf, Medhurst and Hudson",44-861-7924,1751527421,10000,A163
"Gerlach, Wilderman and Hartmann",77-777-0291,6012584234,10000,A164
Abbott-Ondricka,80-744-6201,8713767076,10000,A165
"Lebsack, Hackett and Altenwerth",72-051-2025,2757961280,9999,A166
"Von, Kuphal and Schamberger",21-144-5739,3803152895,10000,A167
"Schuppe, Medhurst and Schimmel",48-945-5478,8175162686,10000,A168
"Collins, Vandervort and Hills",68-521-5239,6104828376,10000,A169
Tromp-Stroman,71-508-9734,7471920431,9999,A170
"Heaney, Reilly and Bashirian",21-947-4321,3837283036,10000,A171
Roberts Group,00-082-5438,2414212874,10000,A172
Pacocha-Collins,63-403-2087,2052642958,9999,A173
Kassulke and Sons,44-271-7457,1618654379,10000,A174
Cormier-Towne,26-226-6237,7655138017,10000,A175
Bernhard-Douglas,73-959-4843,7683456509,9999,A176
Howell-Howe,52-297-4396,7507882487,10000,A177
Parker and Sons,52-262-9039,3099356475,10000,A178
"Harber, Bogisich and O'Kon",44-129-5261,4386832426,10000,A179
Wiegand-Bogisich,77-642-4772,6059942013,10000,A180
"Ankunding, Ward and DuBuque",56-343-5411,7639674139,10000,A181
"Thompson, Daugherty and Connelly",82-540-4114,3827060399,10000,A182
"Medhurst, Deckow and Leffler",61-207-8857,9015816991,10000,A183
"Hane, Murphy and Jacobs",70-814-9232,8873881195,10000,A184
Crooks LLC,07-730-4353,4636736401,9999,A185
Jast-Graham,72-463-4649,5436551938,10000,A186
Kassulke-Bailey,06-939-3095,3716056772,9999,A187
Walter Group,44-665-8603,7179603161,9999,A188
"Lynch, Hahn and Witting",70-496-8621,4516930136,9999,A189
Hirthe LLC,63-979-3376,6024374970,10000,A190
Gleichner-Swift,58-723-4227,6055700456,10000,A191
West Group,28-459-2061,3541081894,10000,A192
"Erdman, Keeling and Brekke",09-689-8934,7001186479,10000,A193
"Swift, Macejkovic and Koss",17-956-7872,8409625053,10000,A194
Dooley-Koss,05-013-6761,9064895376,9999,A195
Considine-Schinner,58-800-9796,1379364235,9999,A196
"Botsford, Beatty and Kirlin",48-286-2067,5646715689,9999,A197
Sanford-Jacobs,93-218-3772,6174211249,9999,A198
Feeney Inc,72-721-2053,7238169229,9999,A199
Kovacek Group,21-702-9171,1378616144,9999,A200
"Ryan, Morissette and Nitzsche",96-730-7019,2539854031,9999,A201
"Lueilwitz, Torp and Rempel",27-723-6564,1123541962,10000,A202
Padberg and Sons,49-308-4092,7784334279,10000,A203
"Breitenberg, Considine and Gerhold",70-016-0824,5552122650,9999,A204
"Ankunding, Hyatt and Jakubowski",01-573-7549,9249116324,9999,A205
Roberts-Hammes,84-860-9079,6446633521,9999,A206
"Batz, Gutmann and Schimmel",55-909-5174,9815166853,10000,A207
Halvorson-Cole,08-611-5714,5759686193,9999,A208
Green LLC,89-581-5918,9297609485,10000,A209
Renner and Sons,58-578-7632,5084402656,9999,A210
Kuphal-O'Keefe,82-800-1484,9067266294,10000,A211
Predovic LLC,96-463-8650,8195336022,10000,A212
Hintz-Robel,78-572-1580,7116837857,9999,A213
Heathcote-Upton,68-241-5775,9484771026,9999,A214
"Dooley, Runolfsson and Effertz",22-379-3857,4611128721,10000,A215
Smith Inc,75-414-7036,8751298396,9999,A216
Gerlach Group,68-074-1242,5074778762,9999,A217
Bechtelar Group,77-566-6134,8398355874,9999,A218
Price LLC,36-276-7785,1062391555,10000,A219
Grimes and Sons,20-705-5149,6776729819,10000,A220
Huels-Dooley,14-711-0676,6117441787,9999,A221
Gerlach-Homenick,47-824-2790,5453086956,9999,A222
"Keeling, Herzog and Keeling",97-336-5244,6306554998,10000,A223
Fahey-Runolfsdottir,24-133-7645,3466916065,9999,A224
Schroeder Inc,69-727-1535,1071659626,9999,A225
"Bergnaum, Kulas and Feest",66-585-3699,8014569625,10000,A226
"Greenfelder, Sporer and Kuhic",28-643-3431,6183516699,10000,A227
Dicki Inc,01-946-6203,1498047502,10000,A228
"Gulgowski, Breitenberg and Kozey",56-722-1964,9508578952,9999,A229
Bergstrom-Orn,17-681-3639,2479758972,10000,A230
O'Connell Inc,88-981-7015,3475494128,10000,A231
Schowalter Inc,81-344-4985,2505610642,10000,A232
"Dibbert, Larson and Kris",96-466-1248,7952004161,9999,A233
"Daugherty, Bode and Waters",72-651-0570,1583801146,9999,A234
Welch-Keeling,73-036-7651,3557533252,9999,A235
"Stiedemann, Hilll and Ruecker",95-051-1231,3212709501,10000,A236
"Klein, McDermott and Johnson",91-685-8727,2026114391,9999,A237
Barrows-O'Keefe,93-090-1014,1548053464,9999,A238
King-Hudson,43-596-9618,8675092074,9999,A239
"Waters, Russel and Ferry",09-033-6186,7134765495,10000,A240
Crooks-O'Kon,94-254-8933,2515057429,10000,A241
Wiegand-Halvorson,91-879-1751,7641827758,9999,A242
Satterfield-Torphy,51-559-4891,1179671878,10000,A243
Kulas-Konopelski,78-541-6949,6952310956,10000,A244
Hermann-Champlin,42-452-5731,9946602283,10000,A245
Farrell LLC,78-666-6866,1852224769,9999,A246
"Terry, Moore and Stracke",99-830-3353,4148824023,10000,A247
"Tremblay, Gerhold and Stokes",77-270-4734,6452123491,9999,A248
D'Amore-Gutmann,21-704-6258,1167001148,10000,A249
Fay-Oberbrunner,80-544-4796,5101600637,10000,A250
Runolfsdottir Inc,14-786-9167,2093259063,9999,A251
Bergnaum and Sons,20-825-0044,6139139812,10000,A252
"Christiansen, West and Considine",17-754-1903,4754613062,9999,A253
Reynolds-Price,29-212-7982,2043297846,9999,A254
Dickens Group,80-102-6420,8888147443,10000,A255
Little-Kemmer,75-460-0500,5305012909,10000,A256
"Morar, Steuber and Collier",65-658-7047,9123381118,9999,A257
Rodriguez-Greenholt,66-434-9679,9629769570,10000,A258
"Brown, Cummings and O'Conner",32-039-3736,9753399050,9999,A259
Quigley and Sons,30-144-3811,4502498925,9999,A260
McGlynn-Emard,88-681-7367,7108323176,9999,A261
Hodkiewicz Group,60-426-5479,9757180357,10000,A262
"King, Parisian and Cronin",64-929-2922,7756003148,10000,A263
Hodkiewicz-Schmeler,83-925-3997,7848653114,10000,A264
Zieme and Sons,11-433-3557,9958598141,9999,A265
Pollich and Sons,28-860-1606,5265894584,10000,A266
"Morissette, Gibson and Block",69-210-7964,1023025526,9999,A267
Emmerich and Sons,53-103-1748,9349281458,10000,A268
"Osinski, Corkery and Stroman",85-392-7630,8383409949,10000,A269
Paucek Group,21-526-1863,6227961137,9999,A270
Prosacco and Sons,64-067-7220,8232549274,9999,A271
Lemke Inc,31-503-3128,3303406224,9999,A272
Gorczany-Hodkiewicz,66-856-7167,4576826812,10000,A273
"Johns, Bernier and Windler",98-403-1853,9474655377,9999,A274
Williamson and Sons,88-137-6279,7822038830,9999,A275
"Treutel, Williamson and Fadel",73-983-6840,1292647638,9999,A276
Wiegand-Harvey,53-717-2958,6191886206,9999,A277
Thompson Inc,68-672-3951,1911794059,10000,A278
"Barrows, Roob and Sawayn",55-979-5623,2475476299,9999,A279
Bode Inc,93-304-9757,2227905697,9999,A280
Halvorson-Stanton,00-373-2890,8749482417,9999,A281
Walker-Crooks,97-583-2617,9591779868,10000,A282
Walter-Koss,28-664-6979,7078539244,10000,A283
Mills Group,45-471-2078,1593164556,10000,A284
"Veum, Olson and Kutch",45-671-1705,7488933917,9999,A285
Hessel and Sons,81-239-4845,2201977405,9999,A286
Bradtke and Sons,01-134-4916,2841908434,9999,A287
Hilpert-Cartwright,90-789-0944,1463257964,10000,A288
"Stark, Adams and Mitchell",42-742-2491,5251822116,9999,A289
Olson Group,57-879-6630,5086510295,10000,A290
Marks-Paucek,70-514-2331,6075557434,10000,A291
"Durgan, Kutch and Parker",81-831-1633,9145132941,9999,A292
Hagenes-Veum,67-331-4797,6572556765,9999,A293
Hoeger-Predovic,67-934-7685,7491764862,10000,A294
"Wolff, Beahan and Jacobs",81-833-4320,6953255097,9999,A295
Okuneva-Schimmel,53-902-5899,6372669832,9999,A296
"Miller, Hoeger and Koepp",12-096-4739,5597639084,10000,A297
Zulauf-Lowe,86-474-9248,5323555171,10000,A298
Berge LLC,26-028-8819,7459967675,10000,A299
Purdy-Lemke,94-057-4909,6739056778,10000,A300
"Hauck, Douglas and Fahey",07-667-2460,7267231499,10000,A301
Koss-Goldner,76-057-9955,8093142660,10000,A302
Hagenes-Balistreri,61-524-5132,9888429870,9999,A303
Lindgren LLC,77-517-8525,6196001645,9999,A304
Fahey Inc,70-367-1776,3609123629,9999,A305
"Stehr, O'Conner and Torp",20-525-2455,8568764952,10000,A306
"Tromp, Bednar and Casper",10-056-0287,9969724643,10000,A307
Wehner-Dickinson,49-287-9513,5589055648,10000,A308
Murphy-Turner,89-488-6233,1097056335,10000,A309
Hamill-McDermott,04-937-9703,7097733951,9999,A310
Morar Inc,87-680-8868,5465382074,9999,A311
Fritsch LLC,05-336-2018,1974791760,10000,A312
"Larson, Farrell and Stanton",45-690-0203,2264966412,9999,A313
"Nitzsche, MacGyver and Cole",59-461-1849,6696217140,9999,A314
Treutel-Wiegand,77-381-5030,9627056786,9999,A315
Klocko Group,26-946-6603,2845784120,10000,A316
Bartell and Sons,59-634-0721,1386077402,10000,A317
"Yundt, Kling and Bailey",21-361-6137,2532026182,10000,A318
Langosh Group,51-794-4945,6519762803,10000,A319
"Funk, Zemlak and Oberbrunner",21-715-9876,8387815857,10000,A320
Rogahn-Steuber,54-967-6944,7576828204,10000,A321
Adams-Nikolaus,51-507-5280,9033886237,10000,A322
Gutkowski LLC,36-964-1922,4966215622,10000,A323
Crist and Sons,16-920-2706,7654557411,9999,A324
Witting-Pagac,84-494-9503,4833530072,9999,A325
"Willms, Beatty and Beatty",76-372-1346,2999325655,10000,A326
"Schneider, Lubowitz and Windler",96-282-6859,9135152963,10000,A327
"Yost, Gutmann and Kling",34-995-9335,4565693672,9999,A328
McCullough LLC,22-014-5879,8492930465,9999,A329
Bashirian LLC,39-664-5337,6697011286,10000,A330
Mante and Sons,98-224-4748,2621322012,10000,A331
Kilback LLC,32-087-5809,8656508581,9999,A332
Kling LLC,39-936-7017,7709242222,9999,A333
Hegmann LLC,87-660-0973,2461814537,10000,A334
Rau-Corkery,04-938-4167,3662683993,10000,A335
Schamberger LLC,88-787-3274,4409079434,10000,A336
Davis and Sons,08-856-2171,1157254488,9999,A337
Hyatt Group,78-062-2009,2929908795,10000,A338
"Jacobi, Schmidt and Osinski",47-887-6291,9154676238,9999,A339
Prohaska-Bode,83-172-8686,7709644246,9999,A340
"Kuvalis, Schmitt and Bins",82-927-0863,7346224754,10000,A341
"Effertz, Mertz and Kuvalis",74-575-9523,4587355023,9999,A342
Ortiz-Leuschke,81-424-4441,6231657659,9999,A343
Krajcik LLC,31-316-0087,5533111964,9999,A344
Kreiger and Sons,36-934-1709,8568276851,10000,A345
"Muller, Spencer and Harvey",03-952-5048,4334822788,10000,A346
Rath-Feeney,18-968-3274,1141016900,10000,A347
"Kuhic, Jacobi and Howe",76-565-6957,5552733285,10000,A348
Runolfsdottir-Moore,72-330-6478,8593483028,10000,A349
Powlowski-West,05-990-7835,8471964370,9999,A350
"Stamm, Kovacek and Kunde",53-420-7935,8412735747,10000,A351
"Okuneva, Lebsack and Kuvalis",98-678-7317,7268750360,9999,A352
McClure and Sons,54-348-3386,7358848786,10000,A353
Stiedemann and Sons,43-093-2415,2802837169,9999,A354
Anderson LLC,41-293-4713,3509826954,10000,A355
"Jakubowski, Parker and Koepp",36-005-8423,8518573936,9999,A356
Nicolas-Lockman,57-115-1475,5932891890,10000,A357
Bogisich-Fritsch,00-185-7787,3589524000,9999,A358
Miller-Gaylord,42-081-8787,8104429288,10000,A359
Flatley-Rippin,79-207-9613,7896098646,9999,A360
Spencer LLC,54-191-5066,8346482168,9999,A361
Towne-Green,99-810-6816,8202083983,10000,A362
"Harvey, Howell and Lakin",59-933-4956,6972294296,10000,A363
Nienow-Cassin,06-245-7217,2464565590,10000,A364
Murazik LLC,39-440-8053,2617094219,9999,A365
Lehner-Schuppe,40-233-6725,1557354428,9999,A366
Osinski and Sons,45-414-5599,8489111630,9999,A367
"Hilll, McLaughlin and Nitzsche",67-778-4144,8171612091,10000,A368
Schmitt-Hartmann,54-266-5576,2678978418,9999,A369
"Ferry, O'Kon and Nitzsche",91-121-4645,1991252073,10000,A370
"Runolfsdottir, Block and Schumm",97-957-2781,2128766617,10000,A371
Hettinger-Harvey,04-897-6063,4784189085,9999,A372
Mosciski Inc,97-441-0801,5837279914,9999,A373
McGlynn-Mitchell,61-632-1101,3379281562,10000,A374
West-Miller,28-978-5275,2811574297,9999,A375
"Koelpin, Wehner and Schoen",85-712-5902,5735142750,10000,A376
"Lowe, Shanahan and Farrell",04-468-0592,6769853287,10000,A377
"Wuckert, Pollich and Rolfson",02-828-9101,5334274565,9999,A378
Rice and Sons,35-473-4539,9915121277,9999,A379
"Lynch, Boyle and Wiza",63-802-5498,4786537587,9999,A380
Streich LLC,71-983-5894,1049371742,10000,A381
Huels LLC,83-022-8557,1185854517,10000,A382
"Kertzmann, Raynor and Lindgren",34-186-9784,2068390574,9999,A383
Hessel-Jones,59-765-1282,9813466376,10000,A384
Schuppe-Daugherty,48-451-3054,4571974704,10000,A385
McDermott Inc,44-130-4313,4485929102,9999,A386
Zboncak Group,79-577-5185,3238329932,10000,A387
Hessel Inc,57-115-2251,1081607339,10000,A388
Grant and Sons,70-223-6472,8603215458,9999,A389
"Mosciski, Hirthe and Spinka",49-210-3996,3613367590,9999,A390
"Breitenberg, Morar and Langosh",42-410-1046,4665795057,10000,A391
Zulauf Group,28-500-4227,5979090589,9999,A392
Goodwin and Sons,35-550-2615,9047435716,9999,A393
Streich Group,07-628-1965,5958748017,9999,A394
Ebert LLC,75-604-6158,1028972554,9999,A395
Fritsch-Goodwin,54-274-5997,4451282986,9999,A396
"Feil, Hermann and Kuhlman",22-436-9278,9817855804,9999,A397
Dickinson Inc,71-260-0734,1818036285,10000,A398
Price and Sons,32-761-8546,8938095681,10000,A399
Larkin LLC,30-383-7671,4817966353,10000,A400
"Tromp, Sauer and Stokes",13-744-0756,6982695464,10000,A401
Goldner LLC,31-928-3884,2169627665,10000,A402
"Larkin, Conroy and Pollich",96-373-2159,6259232483,9999,A403
"Willms, Yundt and Runte",46-960-6716,6453637247,10000,A404
Reynolds-Johnston,82-781-2848,4034014340,9999,A405
Blanda-Ruecker,36-719-8559,7976390220,10000,A406
Franecki Group,46-419-8686,4504050948,9999,A407
McKenzie and Sons,30-750-8797,5765669228,9999,A408
"Jaskolski, Welch and Keeling",84-429-9207,9719488757,10000,A409
Conroy and Sons,15-610-5202,9357694318,10000,A410
"Grant, Baumbach and Streich",36-797-4009,9655260740,9999,A411
Connelly-Kassulke,54-804-2221,5129936090,9999,A412
"Streich, Maggio and Russel",10-480-4972,9308496566,10000,A413
"Donnelly, Cormier and Gleason",45-339-1169,6414792759,9999,A414
Lueilwitz-Hane,03-744-9713,1456279665,9999,A415
"Herzog, Legros and Wisozk",75-242-9091,4482470975,9999,A416
"Aufderhar, Beatty and Lockman",53-392-6907,1137443644,9999,A417
Kshlerin LLC,85-920-9249,3301543274,9999,A418
Botsford-Ebert,60-973-2816,8555211546,9999,A419
Roberts LLC,73-040-2951,1371933175,10000,A420
Schowalter Inc,66-736-3371,4896415705,10000,A421
Spencer LLC,46-957-1251,4677889186,9999,A422
"Strosin, Cronin and Waters",62-538-6647,7258767982,10000,A423
Robel-Quigley,76-627-6295,6344947642,10000,A424
"Hayes, Schumm and Conn",88-844-9130,5681970433,9999,A425
"Barton, Russel and Runolfsson",38-367-9497,9488272072,9999,A426
Kshlerin-Smitham,78-634-1716,8041574009,9999,A427
"Leffler, Lakin and Heidenreich",89-050-6973,8806849059,9999,A428
Fadel Inc,02-894-8229,9112325592,10000,A429
Huel LLC,15-968-0159,2139215607,9999,A430
Jacobs-Bauch,65-130-6147,5066387383,9999,A431
Huel-Langosh,68-782-7324,3681299913,9999,A432
Gibson LLC,06-028-4897,8252152086,9999,A433
"Padberg, Tillman and Lehner",09-076-4535,8432029613,10000,A434
"Klocko, Olson and Swift",02-042-1834,4334143059,10000,A435
Carter-Haag,77-415-7406,4733105584,9999,A436
"Klein, White and Braun",25-549-6312,9296881895,9999,A437
Aufderhar-Watsica,52-142-6791,3533429302,10000,A438
Armstrong-Adams,49-123-2587,1087934099,10000,A439
Casper and Sons,73-148-3408,6158468344,9999,A440
Kub LLC,35-807-5455,3165744344,10000,A441
Swaniawski-Mayer,58-446-6604,3632391306,9999,A442
"Murphy, Collier and Baumbach",05-285-6028,8462094966,10000,A443
"Leuschke, Lemke and Larson",33-989-5219,9089561571,9999,A444
"Marks, Hodkiewicz and Gleason",27-917-6098,6352115100,10000,A445
Monahan Inc,93-010-1224,9741924336,10000,A446
Bergstrom-Kris,19-378-3252,8696054538,9999,A447
"Gaylord, Murray and Rempel",19-179-0769,7744044538,10000,A448
West-Koch,62-158-0123,5627739110,9999,A449
Doyle and Sons,10-781-1089,9476104529,10000,A450
Stehr-Murphy,85-181-9482,6353714015,9999,A451
"VonRueden, Ondricka and Lindgren",46-298-6610,7806868832,10000,A452
Towne and Sons,83-364-2112,7334227532,10000,A453
"Hagenes, Schiller and Hirthe",60-398-4535,1907444309,10000,A454
Harber and Sons,86-873-9287,4887970882,9999,A455
Purdy Group,60-992-7722,8208641688,10000,A456
Reilly and Sons,08-099-3579,9548437649,9999,A457
"Leannon, Cummings and Bruen",50-227-9692,5429713772,9999,A458
Mayer-Skiles,10-907-4696,3636207532,10000,A459
MacGyver-Rohan,26-062-4244,1061425473,10000,A460
"Bahringer, Koch and Deckow",43-459-6017,8085687354,10000,A461
"Abernathy, Mosciski and Kunde",38-648-6022,6016348676,10000,A462
White-Anderson,80-878-3444,6011550951,10000,A463
"Nitzsche, Konopelski and Pfannerstill",09-799-6715,4021287228,10000,A464
Batz-Kessler,26-417-9142,7971175203,9999,A465
Bogisich Group,39-498-6881,4086116802,9999,A466
"Bednar, Lakin and Ritchie",97-583-2899,4578669689,9999,A467
Spencer-Wuckert,62-564-3018,4519093658,10000,A468
"Connelly, Toy and Spencer",39-466-8961,3709265196,9999,A469
Will Inc,05-573-8536,4679939830,10000,A470
Labadie and Sons,23-385-7611,4315111975,10000,A471
Wilderman LLC,58-233-7245,3299814993,10000,A472
"Hauck, Jacobi and Lindgren",09-428-3160,6225069483,10000,A473
Ebert and Sons,82-735-0820,9439325563,9999,A474
Crist-Krajcik,24-597-6545,9456207883,9999,A475
Mohr-Reinger,35-398-4246,2144731718,10000,A476
Stroman Inc,46-828-5485,2449094051,10000,A477
Kunze-Mayer,35-387-9327,3925949510,9999,A478
Hagenes Inc,13-668-7720,7803646136,9999,A479
Lockman-Jacobi,38-398-7778,2555129496,10000,A480
Willms Group,54-442-6569,1699379136,9999,A481
Bruen-Muller,21-798-6587,2841331718,10000,A482
Wilderman-Gutkowski,25-193-6839,2819383713,9999,A483
Moen Inc,98-571-1385,5289789436,9999,A484
Johns LLC,10-334-5357,9835976186,10000,A485
Conroy-Cole,93-088-7578,2224958108,10000,A486
Cormier-Von,39-989-6165,8145617169,9999,A487
"Volkman, McLaughlin and Prohaska",42-478-4637,2723735275,10000,A488
Swift-Denesik,97-336-3021,2974040405,10000,A489
Lindgren-Labadie,55-395-7469,9401372452,9999,A490
Herman Inc,74-068-3397,1842257973,9999,A491
Lind-Kihn,66-828-1245,2802265069,9999,A492
Towne Group,18-141-8668,5799736111,9999,A493
Mosciski-Rogahn,60-745-5643,2619584822,10000,A494
"Beer, Block and Hackett",16-634-8641,2994970433,10000,A495
"Yundt, Hammes and Corkery",76-684-2001,5213638282,9999,A496
"Corkery, Ziemann and Schmidt",13-772-9241,1606113889,10000,A497
Waters LLC,66-492-4413,3012422318,9999,A498
"Ortiz, Labadie and Gulgowski",99-012-6972,6681496858,9999,A499
VonRueden and Sons,56-833-5156,9797004239,9999,A500
"Bednar, Lakin and Keeling",26-411-2027,1315392630,9999,A501
Sanford Group,50-698-5018,6213457430,10000,A502
Bernhard-Grimes,54-840-6940,6661699951,9999,A503
"Walker, Glover and Cassin",01-019-8614,7149582376,9999,A504
Collins-Kemmer,05-832-5681,2424095004,9999,A505
Pagac Inc,73-441-8631,5996328362,9999,A506
Marks Group,45-790-5747,1706525336,10000,A507
Bruen LLC,91-308-4569,7992528133,10000,A508
Walker-Beahan,57-584-7751,7529406816,9999,A509
Padberg-Ortiz,90-184-2990,8725959233,10000,A510
Bernhard-Herzog,88-693-5253,3143329426,10000,A511
Blick-Flatley,46-575-5328,3328384973,9999,A512
Bartoletti-Schuppe,21-095-3981,3354883510,9999,A513
Wunsch-Hilpert,15-773-9215,5324764027,10000,A514
Haag-Hansen,38-011-7191,9983174706,10000,A515
Bogisich-Gorczany,02-259-8528,6412486968,9999,A516
"Donnelly, Renner and Kunde",78-734-4269,3818028534,9999,A517
Gislason Group,49-010-5347,5935121931,9999,A518
Yost LLC,00-861-3194,6847883241,9999,A519
Stanton Inc,59-820-7012,9685289753,10000,A520
Volkman-Cole,44-730-9792,4025158970,9999,A521
"Steuber, Koch and Farrell",70-267-6199,5115886512,9999,A522
Grady Inc,66-678-4490,5154773822,10000,A523
"Gleason, Hahn and Rath",06-215-5329,5702741493,10000,A524
Abernathy LLC,93-225-4436,3136912339,9999,A525
"Hilpert, Crooks and Doyle",52-764-7443,6983346793,9999,A526
"Walter, Baumbach and Stracke",82-868-1904,7428957630,9999,A527
"Reynolds, Goldner and Runolfsson",30-019-2264,2415839423,10000,A528
Quitzon LLC,40-957-2810,1534286718,10000,A529
Kilback Group,26-462-9576,4394970336,9999,A530
Steuber Inc,07-685-0134,2037641517,9999,A531
"Lesch, Koepp and Cole",09-098-8727,5055571099,10000,A532
"Koepp, Pfeffer and Collier",27-665-5850,1899523982,10000,A533
"Mann, Walker and Baumbach",42-172-7975,1926368474,10000,A534
"Feeney, Maggio and Abernathy",20-330-8400,7444512390,9999,A535
Hegmann-Gulgowski,61-812-4485,8192917305,10000,A536
Wunsch-McCullough,02-750-5194,8191323950,10000,A537
Morissette-Kerluke,69-155-5227,2356609401,9999,A538
Harber-Kling,27-079-2170,3328609801,9999,A539
"Gerhold, Hyatt and Kassulke",94-914-1738,5923424562,9999,A540
Schultz-Franecki,20-141-5785,8837532012,10000,A541
Leuschke-Rolfson,60-920-7547,6294930157,9999,A542
"Osinski, Bins and Botsford",14-779-8464,2817660848,9999,A543
"Miller, Abshire and Krajcik",88-180-8127,5024780839,10000,A544
Nitzsche LLC,73-294-6313,4855334912,9999,A545
McKenzie LLC,00-018-0637,8223663145,10000,A546
Baumbach and Sons,62-733-5707,5741127520,9999,A547
Runte LLC,96-211-1408,7589680969,10000,A548
"Haag, Hartmann and Stark",93-450-9754,8517860527,10000,A549
Bartell Inc,58-060-1015,4112568923,9999,A550
Mueller-Hand,98-981-0993,9333823345,10000,A551
Hackett-Tillman,68-203-6985,4243151575,10000,A552
Hirthe-Hagenes,34-250-0911,5401541213,10000,A553
Gaylord Inc,97-506-6293,7906734367,10000,A554
"Nicolas, Lynch and Ankunding",12-031-1948,8977744652,9999,A555
Smitham Group,66-336-9063,6861136777,10000,A556
Trantow-Beatty,69-408-7200,1794729281,10000,A557
"Zboncak, Erdman and Dibbert",86-974-2389,8353705336,9999,A558
"McGlynn, Wintheiser and Lebsack",04-175-8051,5798517471,9999,A559
Stokes-Bogan,37-028-9593,9587155415,10000,A560
Littel and Sons,09-192-2043,9087262359,10000,A561
O'Kon Inc,53-115-5157,3454872892,9999,A562
Denesik-Schuppe,46-462-8950,7922422411,10000,A563
"Zulauf, Wisozk and Lang",07-057-4868,4154701773,9999,A564
"Ortiz, Conroy and O'Hara",19-269-6356,6985141123,10000,A565
Yundt-McGlynn,35-639-3997,7743068218,10000,A566
Senger and Sons,71-698-6887,9787320237,10000,A567
"Dietrich, Kuhlman and Heathcote",64-717-9339,6797784376,9999,A568
Nikolaus-Daugherty,62-900-9131,5802642906,9999,A569
McKenzie-Jacobs,51-550-9715,9079928672,9999,A570
Hettinger-Nienow,14-210-5037,6402737058,10000,A571
Muller Inc,01-967-1494,6904631185,9999,A572
"Berge, Deckow and Ratke",53-456-5048,4236578024,9999,A573
Sawayn-Grady,70-510-9702,7518318836,9999,A574
Barton LLC,66-873-9358,2377081255,10000,A575
Sauer-Wolf,88-254-7308,2293836530,10000,A576
Corkery-Hermann,92-990-3896,5267092988,9999,A577
Leannon LLC,04-511-4035,7229773947,9999,A578
Christiansen LLC,36-908-1343,9697250008,10000,A579
Koepp Inc,36-417-4560,8782418802,9999,A580
Marvin Inc,85-332-9315,9968350494,9999,A581
Bahringer-Murazik,64-946-1665,6163107341,9999,A582
Russel LLC,59-344-5392,6229289485,10000,A583
"Baumbach, Huels and Pfeffer",66-717-6477,6394103795,10000,A584
"Purdy, Murazik and Barton",99-484-5770,7277774333,9999,A585
Baumbach Group,90-062-8381,1725519433,9999,A586
"Hoppe, Gorczany and Volkman",70-384-2134,2453653239,9999,A587
Rippin Group,08-500-5461,3784519409,9999,A588
Nikolaus Group,49-441-0225,7115489274,10000,A589
"Wuckert, Dooley and McLaughlin",92-664-8242,3244453532,10000,A590
Upton Group,82-426-1559,3525639626,10000,A591
Hirthe-Simonis,31-486-8411,8628196954,9999,A592
Jones-Balistreri,18-029-5680,1973546609,9999,A593
Harvey-Kulas,44-303-8808,3494119881,10000,A594
Boyer LLC,90-349-1441,1868129000,9999,A595
"Renner, Lubowitz and Cremin",56-232-0572,6951470268,9999,A596
"Bergnaum, O'Hara and Jaskolski",64-411-0307,6858804777,10000,A597
Kiehn and Sons,50-958-2413,6075425943,9999,A598
"Lakin, Herzog and Kunze",96-315-4988,8959252220,9999,A599
Bernhard-Dicki,61-286-2522,5805468481,10000,A600
O'Connell-Trantow,73-458-7415,9831282898,10000,A601
"Rowe, Berge and Stracke",59-947-4305,1504057221,10000,A602
Medhurst and Sons,34-757-4105,6077524642,10000,A603
"Legros, Feest and Gorczany",31-696-9411,4735259714,10000,A604
Bruen-Hyatt,63-734-1246,7424577011,10000,A605
Kemmer Inc,83-721-9206,6562455473,10000,A606
Veum-Dickinson,70-014-1886,1409137484,9999,A607
Heller-Crist,58-909-7528,5767333768,9999,A608
Olson LLC,27-471-7974,9291577411,9999,A609
"Lindgren, Hettinger and Cruickshank",69-094-1940,1847540542,9999,A610
"Brown, Botsford and Ferry",75-440-1268,3678093420,10000,A611
Carroll LLC,34-851-1986,4366447563,9999,A612
"Predovic, Turcotte and Hills",81-179-3159,6732120066,10000,A613
"Spencer, Boyle and Gottlieb",77-510-3188,4176956428,9999,A614
Pfeffer-Harber,66-710-9159,5132434949,9999,A615
"Wisoky, Zboncak and Feeney",08-923-2131,1431097044,9999,A616
"Tremblay, Leannon and Hickle",45-951-9782,6237374629,10000,A617
Miller and Sons,49-831-1128,1824296598,9999,A618
"Bernier, Kuhn and Simonis",09-649-8546,4525725318,9999,A619
O'Kon-Lind,22-399-2358,1383651600,9999,A620
"Hirthe, Dickens and Abbott",46-404-1795,3687659553,10000,A621
Raynor LLC,44-191-2375,2941783074,10000,A622
Kilback Group,53-802-4133,1195775856,9999,A623
Cronin and Sons,07-312-9201,4804282709,9999,A624
Marvin and Sons,14-800-1217,6286455854,9999,A625
Nolan-Hayes,58-651-0744,9725309153,9999,A626
"Frami, Bogan and Sanford",37-080-5227,6479799372,10000,A627
"Monahan, Kihn and Witting",59-493-9312,1845939341,10000,A628
Waters-Fadel,62-129-6607,9017985376,10000,A629
MacGyver and Sons,66-660-4443,9374604759,10000,A630
Kovacek-Klocko,01-405-2641,2117502115,10000,A631
"Donnelly, Wisoky and Russel",84-298-4594,9514662178,9999,A632
Koss Inc,32-398-3820,2662026296,9999,A633
Block LLC,77-327-4271,7753825487,9999,A634
Donnelly LLC,36-629-2896,1554187715,10000,A635
Stoltenberg-Rau,33-002-2095,4643887375,10000,A636
Kulas Group,01-841-1772,9442613578,9999,A637
"Konopelski, Mertz and Kohler",57-174-6100,9783843500,10000,A638
"Spencer, Crona and Pagac",80-898-6260,4196386858,9999,A639
Beatty Inc,60-196-1220,6052681186,9999,A640
Rutherford Group,29-098-5070,2731782088,9999,A641
Wilkinson-Brakus,72-801-3912,7035831984,10000,A642
Bartell LLC,56-243-7309,2861033750,9999,A643
Oberbrunner-Kuhn,72-924-9967,8414300996,10000,A644
Nikolaus Inc,20-686-5361,8473922555,10000,A645
Dare-Sipes,72-383-6091,2362372949,9999,A646
"McDermott, Rolfson and Lesch",65-473-6323,2371434788,9999,A647
Bailey LLC,01-182-0835,3924475467,9999,A648
Altenwerth-Padberg,05-474-8041,4414830373,10000,A649
Kassulke and Sons,74-095-3289,7092418032,9999,A650
"Waelchi, Bins and Schiller",43-918-4746,3729948841,9999,A651
Friesen LLC,75-767-0134,6195539410,10000,A652
"Schaefer, Strosin and Hyatt",95-806-5077,2214804062,9999,A653
Wisoky and Sons,10-420-0418,9391827314,10000,A654
Reichel-Turner,76-488-7333,4233721060,9999,A655
"Carroll, Schimmel and Grady",03-090-4709,9438182749,9999,A656
Baumbach-Stroman,99-064-6271,9014446720,10000,A657
Kulas Group,94-026-8431,5819874474,10000,A658
"Dooley, Bernier and Morar",93-789-3635,7036798326,9999,A659
"Lebsack, Collins and Stehr",58-777-1325,8455771044,9999,A660
Gislason-Mosciski,18-867-8548,3717265734,10000,A661
"Spinka, Gottlieb and MacGyver",38-232-6731,8793262400,10000,A662
Feil LLC,00-158-3069,9617812337,10000,A663
Rau LLC,32-568-6587,1351901917,9999,A664
Schmitt Group,59-409-0530,2058433156,9999,A665
Schuster-Bartoletti,38-839-9093,8017667474,9999,A666
Shields and Sons,17-177-0131,7721836964,10000,A667
Haag-Walsh,64-977-2818,7697536972,10000,A668
Huels Group,00-613-9342,6246578040,9999,A669
Blick-Grady,40-110-8305,9706804471,10000,A670
Jacobson-Kirlin,56-709-9998,6235039231,9999,A671
Orn-Hills,47-786-9678,9963227955,9999,A672
Quigley and Sons,61-319-8531,7753136082,10000,A673
Hegmann-Swaniawski,51-759-3359,9985417911,9999,A674
Huel-Maggio,24-544-7345,4435886830,10000,A675
"Rempel, Greenfelder and Murphy",63-365-4910,7193203129,9999,A676
Anderson-Bogan,08-222-6249,8956215309,9999,A677
Stokes-Murray,07-207-5847,3212121368,10000,A678
Baumbach Group,99-019-8473,4296756838,10000,A679
"Hammes, Hartmann and Hettinger",10-357-7291,1107119418,10000,A680
"Rohan, Leffler and Rodriguez",09-424-9424,3301421974,9999,A681
Mitchell Group,50-380-0446,9895759465,9999,A682
"Balistreri, Osinski and Williamson",59-304-1291,6351862777,10000,A683
"Huels, Thiel and Schroeder",52-408-0771,5495589668,10000,A684
Bashirian Group,57-091-9193,6247795463,9999,A685
Altenwerth-Stehr,42-960-8505,2573987398,9999,A686
Ryan and Sons,67-557-3151,2578590628,9999,A687
"Cremin, Goyette and Stracke",78-343-4531,5338411044,10000,A688
Schroeder and Sons,12-810-0955,7844228231,10000,A689
Hodkiewicz and Sons,95-612-5731,7709238515,9999,A690
"Barton, Ward and Baumbach",02-982-0919,7377694714,10000,A691
Jacobs Inc,42-709-6942,1946662893,10000,A692
"Wiegand, Lang and Denesik",96-007-5710,2654996055,9999,A693
"Price, Howell and Mann",71-398-7568,9664857262,10000,A694
"Becker, Gleichner and Zulauf",75-886-9192,6733080584,10000,A695
McClure-Kerluke,04-102-3027,3074080085,10000,A696
"Bogisich, Crooks and Hudson",05-274-1928,8409398047,9999,A697
"Bosco, Grady and Parisian",99-186-3132,4645957769,9999,A698
Schumm and Sons,98-578-6745,4963413335,9999,A699
Lockman-Rutherford,29-936-2631,9786583898,9999,A700
Friesen Inc,73-987-4647,9202193221,10000,A701
Becker and Sons,73-097-9899,3927589660,10000,A702
"Schmeler, Ziemann and Volkman",28-762-8468,1206898969,10000,A703
"Goldner, Hills and Wiegand",05-712-9171,6406229539,10000,A704
Ziemann-Schowalter,83-951-7045,5039252156,9999,A705
Barton-Bartell,50-549-9336,1921860287,9999,A706
"Kuhic, Mosciski and Hilll",68-931-6954,1428662367,9999,A707
"O'Hara, Bahringer and Renner",55-474-2376,5871290466,9999,A708
Rodriguez Inc,02-541-3505,7196574502,10000,A709
"Bernier, Rice and Smith",24-770-0332,1922670132,9999,A710
"Stoltenberg, Ondricka and Keeling",69-532-3631,6452226872,9999,A711
"Bauch, Volkman and Okuneva",50-187-4811,8713077345,10000,A712
"Schneider, Klein and Corkery",65-991-6552,7723594245,9999,A713
Dare-Hayes,44-113-4541,7126523184,10000,A714
Lehner Inc,93-327-3302,8644166162,9999,A715
Bergstrom-Little,80-764-1714,9489637612,9999,A716
Pollich-Willms,09-949-9114,7997828555,10000,A717
Powlowski-Boyer,58-792-1347,6125321590,10000,A718
Feil-Kerluke,03-937-7989,4267285713,9999,A719
Jenkins-Hauck,49-141-8552,9848213170,10000,A720
McClure LLC,41-073-8788,5942100965,9999,A721
"King, Rippin and Cremin",89-739-1579,4426481292,9999,A722
"Schinner, Langworth and Rowe",32-155-6228,1343308267,9999,A723
"Lowe, Rosenbaum and Ernser",30-735-4826,2161187509,10000,A724
Turner-Nienow,63-865-0100,1167692203,9999,A725
McKenzie Group,26-209-3542,2649153162,10000,A726
Hoeger Inc,57-333-2731,6713967636,9999,A727
Schinner and Sons,98-773-9984,2478331452,9999,A728
"Ziemann, Huel and Boyle",90-749-8366,9756612409,10000,A729
Pouros Inc,01-323-8897,7129852090,9999,A730
"Koepp, Vandervort and Schimmel",05-359-2524,6533143510,10000,A731
"Schaefer, Huels and Simonis",70-885-0460,3299274343,9999,A732
"Gleason, VonRueden and Maggio",29-740-7247,9862950829,9999,A733
Swaniawski-Yundt,42-207-8610,2454670696,9999,A734
Treutel LLC,22-984-6586,8101671938,9999,A735
Baumbach-Carter,22-115-5998,4848223489,9999,A736
"Bartell, Schimmel and Bogan",36-178-7047,5096510667,9999,A737
Ritchie-Sanford,95-176-9456,3102645486,10000,A738
Nader-Murazik,43-781-9272,7692420511,9999,A739
"Konopelski, Towne and Rohan",70-032-1690,8365522576,9999,A740
Mertz Group,84-914-2316,4866598486,9999,A741
"Lynch, Upton and O'Keefe",09-861-1419,3519998644,9999,A742
"Emmerich, Ferry and Senger",56-533-1307,3314087830,10000,A743
"Ruecker, Nader and Treutel",55-177-6146,3908622536,9999,A744
Corwin-Willms,68-279-5093,4108110832,10000,A745
"Hansen, Hilpert and Ratke",91-222-0741,6736360974,9999,A746
Deckow-Parisian,49-816-9328,8232869890,9999,A747
Dicki LLC,38-133-7309,7205975025,10000,A748
"Parisian, Smitham and Mueller",48-911-0449,8218211089,9999,A749
"Hintz, Turcotte and Kirlin",49-630-7201,7057902590,9999,A750
Ruecker Inc,79-971-9839,7065942849,9999,A751
Gutkowski-Lakin,69-834-1576,6573698706,10000,A752
Gutkowski-O'Connell,76-950-6352,3921362244,10000,A753
"Rohan, Gaylord and Walter",85-488-9576,7092050066,10000,A754
Haag-Goldner,15-390-2251,9392509136,10000,A755
Greenfelder LLC,22-237-6994,7142557975,10000,A756
Smith Group,88-017-9639,4251950712,10000,A757
"Bode, Turner and Fisher",56-272-9948,8305490308,9999,A758
"Powlowski, Nicolas and Mann",52-753-6226,8577779596,9999,A759
Larson Inc,90-201-9063,3697889929,9999,A760
"Kiehn, Barrows and Volkman",89-973-9459,8492539554,9999,A761
"Hoppe, Swaniawski and Goldner",96-014-5451,4392668660,10000,A762
Hayes LLC,43-895-6265,7768135963,10000,A763
"Buckridge, Ullrich and Wiza",36-523-3150,9301186159,9999,A764
Kiehn-Huels,50-322-0131,4719993260,9999,A765
"Torphy, Tillman and Turcotte",43-954-1810,2894301681,10000,A766
"Feil, Sawayn and Medhurst",08-542-6756,3376466110,10000,A767
Nikolaus and Sons,75-471-1731,2668248692,10000,A768
"Kris, McCullough and Kshlerin",90-481-9110,9034026936,9999,A769
McGlynn Group,35-776-3076,3177594970,9999,A770
Haley-Balistreri,22-418-2331,4298339412,10000,A771
Hegmann LLC,91-220-3685,1167238535,9999,A772
Orn Group,83-025-5628,1522957163,9999,A773
Schuster Inc,79-017-6242,5443126598,10000,A774
Satterfield-Price,63-072-2844,8776908397,9999,A775
Bailey-Terry,31-980-0288,9821293983,10000,A776
"Graham, Altenwerth and Tromp",11-759-4599,8833673869,10000,A777
Schumm and Sons,99-089-8539,4957106246,9999,A778
Luettgen and Sons,89-137-7476,9419071463,10000,A779
O'Keefe Inc,58-873-4531,7918367608,10000,A780
Koepp Group,18-991-0001,8353189786,10000,A781
Kshlerin and Sons,14-845-2649,6324391737,10000,A782
"Trantow, Roberts and Lubowitz",40-822-2021,7149611061,10000,A783
"Murphy, Wiegand and Towne",02-088-5317,7033431705,10000,A784
Mohr Inc,74-625-2283,9121527780,9999,A785
Jacobs-Hoeger,10-401-7375,5713768382,9999,A786
Parker-Greenfelder,95-022-8036,1028772021,10000,A787
Carroll and Sons,29-871-4193,8162604747,9999,A788
Kertzmann Group,48-246-3009,1156201167,9999,A789
"Dickinson, Koch and Reichert",79-646-3660,3234255804,9999,A790
Hahn Group,91-591-6711,3126637081,10000,A791
"Hettinger, Rolfson and Grimes",03-198-1368,7685905874,9999,A792
Runolfsson-Mertz,40-641-0581,3741419920,10000,A793
"Lebsack, McDermott and Koelpin",71-138-0298,8047111454,10000,A794
Hoeger Group,43-535-1165,8988347227,9999,A795
"Lemke, Fisher and Willms",95-493-1654,3588725366,10000,A796
Morissette Inc,88-360-0990,9246395950,9999,A797
"Considine, Halvorson and Willms",93-160-5900,4003674689,9999,A798
"Cole, Parisian and Stanton",99-364-0137,1813523168,9999,A799
Ortiz-Kozey,15-463-6621,7513937170,9999,A800
Gibson-Howell,93-053-3151,6865295692,9999,A801
Huel Inc,17-726-4444,8551679097,10000,A802
Adams and Sons,70-323-2461,3522560582,9999,A803
"Aufderhar, Huels and Beahan",81-936-2975,1162204915,10000,A804
"Schulist, Koelpin and Stiedemann",85-019-0901,6716698257,10000,A805
"Huel, Rice and Kozey",80-641-8821,3273588182,9999,A806
"Smitham, Marks and Bahringer",49-218-0892,9652792189,10000,A807
"Murray, Graham and Funk",41-926-7604,1633150767,10000,A808
Kilback LLC,76-462-5070,4256589986,10000,A809
McDermott Group,65-704-0261,8154752181,10000,A810
Wintheiser and Sons,64-551-6621,7216293726,9999,A811
Blanda Group,62-265-0963,7023433957,10000,A812
"Rau, Veum and Hansen",22-807-2943,5636168086,9999,A813
"Murazik, McKenzie and Rosenbaum",30-724-1113,5171542877,10000,A814
"Willms, Parisian and Greenfelder",72-543-7399,7638428955,9999,A815
"Jerde, Buckridge and Parisian",47-831-1745,1533277389,10000,A816
Denesik and Sons,73-806-0693,7457389373,9999,A817
Gibson and Sons,48-820-5375,2894858726,10000,A818
"Lynch, Rolfson and Bahringer",04-678-4701,1338804651,10000,A819
"Jacobs, Hills and Gutmann",84-608-9461,3371749696,9999,A820
"Mayer, Turcotte and Jaskolski",73-047-0090,5817661944,9999,A821
Keeling-Hintz,87-194-1078,9919532632,10000,A822
Heidenreich-Sauer,80-985-1792,4896950352,10000,A823
Kuphal-Rohan,18-386-9461,5214639276,9999,A824
Runolfsson-Bauch,31-953-6441,1384879338,10000,A825
Huel-Abshire,54-289-5138,9534712515,9999,A826
"Gutkowski, Rau and Greenfelder",57-673-0984,4799657707,9999,A827
Schaefer Inc,27-814-0641,8296497883,9999,A828
"Brakus, Feil and Pfeffer",21-575-1145,9795678052,10000,A829
Haley Inc,87-128-5823,2759118746,10000,A830
Haag Group,70-699-3525,2108594302,10000,A831
Dibbert-Pagac,50-299-8233,7451539208,10000,A832
Prohaska-Streich,17-770-3026,3203441012,10000,A833
Pollich and Sons,29-260-5563,2175261356,9999,A834
Strosin-Klein,04-387-9813,8168690053,10000,A835
Padberg-Farrell,02-888-9605,1712547142,9999,A836
Cremin-O'Connell,79-770-9096,3519523605,10000,A837
"Gleason, Mann and Bashirian",13-997-5929,3242492616,9999,A838
Lakin-Towne,29-650-1880,8951151265,9999,A839
"Cronin, Treutel and Beer",54-763-0712,1356540820,10000,A840
"Cummings, Donnelly and Koch",65-500-9874,2954347011,9999,A841
Smith LLC,79-617-5733,3601316778,10000,A842
Volkman Inc,74-520-0614,8113786358,9999,A843
Koss-Halvorson,83-591-9097,6353600101,9999,A844
White-Kirlin,05-431-2936,8136147591,10000,A845
"Nienow, Klein and Kling",14-533-3204,2856280720,9999,A846
Lakin Group,27-655-6240,2397243637,9999,A847
Mitchell Group,67-442-7476,6254701983,10000,A848
Olson LLC,22-479-0949,2174022718,10000,A849
"Runolfsson, Hickle and Corwin",15-900-4175,9364226184,10000,A850
McClure Inc,78-911-1464,5894949673,10000,A851
"Murazik, Greenholt and Waelchi",53-890-2456,1069077048,10000,A852
"Crist, Emard and Quigley",77-983-6721,8436795567,9999,A853
Romaguera-Orn,68-690-1019,2374675051,10000,A854
Beer-Auer,70-317-4442,5084717539,10000,A855
Kovacek-Kuphal,37-185-8574,2275683554,10000,A856
"Lueilwitz, Koelpin and Purdy",81-507-3800,9832555396,9999,A857
Hodkiewicz-Jacobi,92-150-4737,2207417666,10000,A858
McCullough and Sons,47-981-2228,1064413843,9999,A859
Ullrich Inc,84-997-2236,8055086471,10000,A860
Watsica-Cremin,53-510-0788,9766668435,10000,A861
Windler-Senger,69-048-0766,4635861154,9999,A862
"Fisher, Wolf and Cummerata",85-479-2247,1791175081,10000,A863
Schmeler-Wyman,01-529-6099,4093891602,10000,A864
Swaniawski LLC,91-848-1927,8048708723,10000,A865
Murphy-Stroman,08-682-6889,4367371807,10000,A866
Hyatt-Oberbrunner,44-853-8201,6319352520,9999,A867
"Rohan, Balistreri and Littel",91-329-1928,5513412174,9999,A868
Quigley and Sons,37-029-6594,9186139049,10000,A869
Mertz-Haag,85-908-0403,2009656170,9999,A870
Hamill Inc,77-328-4337,7695173616,10000,A871
Kuhn and Sons,24-077-5484,3731563185,9999,A872
"Homenick, Jacobson and Steuber",01-652-6799,8487111683,10000,A873
Grimes-Rath,83-171-2796,6813715934,9999,A874
Sanford-Ankunding,01-359-6106,8852121798,10000,A875
"O'Reilly, McLaughlin and Runolfsdottir",16-398-3890,7049836034,10000,A876
"Sawayn, Stroman and Breitenberg",10-709-4715,5313593497,9999,A877
"Feest, Zemlak and Schneider",30-886-0779,3375498931,10000,A878
O'Hara Inc,40-020-4485,5383360699,10000,A879
Sipes LLC,47-736-5650,1947491845,10000,A880
Nicolas-Blanda,53-065-8774,4941205170,9999,A881
"Prohaska, Weissnat and Mitchell",82-449-7962,2981624244,10000,A882
"Pfeffer, Reichert and Windler",79-655-4942,6189085927,9999,A883
"Ward, Glover and Schuster",44-597-1920,6572538226,9999,A884
Olson-Ratke,43-084-6884,7975780007,10000,A885
"Little, Bartell and Shanahan",62-309-1084,5066169739,10000,A886
Batz Group,26-023-8883,3532313879,9999,A887
Larson Inc,00-409-4508,2978327276,10000,A888
"Reichel, Bayer and Emmerich",43-844-6349,3429948038,10000,A889
Okuneva-Greenfelder,42-883-4351,2085974582,10000,A890
Kerluke-Yost,30-371-7074,2041338107,9999,A891
Marquardt Inc,60-111-9581,9981990663,10000,A892
"Weissnat, Satterfield and Haag",97-082-1661,3325726539,9999,A893
Rohan and Sons,48-818-6115,2578405693,10000,A894
"D'Amore, Frami and Ziemann",33-125-1378,4117966603,9999,A895
"O'Hara, Brown and Armstrong",08-071-2711,6213541376,10000,A896
Hand-Veum,83-318-3975,3821692354,9999,A897
Barton-Goyette,99-532-9086,9335879317,9999,A898
"Mayer, Rau and Gleason",35-203-7260,3509106481,10000,A899
Harvey-Howell,13-399-4491,1852217991,9999,A900
"Lemke, Bosco and Zboncak",79-448-4981,3032522206,10000,A901
Dare Inc,01-889-6170,5456938943,10000,A902
"Rempel, Pacocha and Greenholt",65-988-7146,1908354665,10000,A903
"Batz, Champlin and Yundt",05-288-8112,3873278680,9999,A904
O'Connell Group,18-251-6057,8146803953,10000,A905
Stanton-Borer,92-222-4364,2223213077,9999,A906
Wilkinson-Mann,56-688-2090,1659888027,10000,A907
Powlowski Inc,21-724-2895,1516907339,9999,A908
Wiza Inc,43-201-6192,6601727459,10000,A909
Blick-Orn,68-126-6454,5171484127,10000,A910
Johns Group,68-583-9023,4593430203,10000,A911
"Kling, Monahan and Marquardt",48-080-3463,4094766640,10000,A912
"Yost, Kunze and Lynch",23-024-7262,3347064325,10000,A913
"Kshlerin, Romaguera and Renner",49-685-2153,7395878910,10000,A914
Medhurst Inc,63-315-9954,2341940882,9999,A915
Heathcote-Bartell,69-558-5205,6039748742,9999,A916
Kohler-Konopelski,25-500-6640,4662128075,9999,A917
Nitzsche LLC,28-523-9145,4437273963,10000,A918
Von-Zieme,21-644-9343,4943985215,10000,A919
Cole and Sons,51-904-5085,9559929739,10000,A920
Grimes Group,16-913-1837,1068941059,9999,A921
Hagenes Group,50-035-4167,9479366045,10000,A922
Lemke and Sons,26-134-9023,2629850090,10000,A923
"Kuvalis, Cronin and Roob",50-239-7843,9654092883,9999,A924
Jenkins-Larson,34-409-2183,6298754390,10000,A925
Stehr-Hauck,85-122-5681,2138263977,10000,A926
Blanda LLC,80-848-0944,3927818908,10000,A927
"O'Reilly, Rohan and Kreiger",88-720-8087,5193071494,10000,A928
Stiedemann LLC,64-046-0219,4272387680,10000,A929
Lakin-Jaskolski,18-405-9094,9518117858,10000,A930
Schmeler-Crooks,95-470-7194,8899233961,10000,A931
Gorczany Inc,49-136-0838,9763067290,10000,A932
Reinger and Sons,29-348-7680,4395243757,10000,A933
"Vandervort, Braun and Ruecker",68-892-1026,5481804566,10000,A934
Friesen Group,25-062-2637,9745050200,10000,A935
Senger-Veum,23-108-3065,4961634470,10000,A936
Gleichner Inc,41-803-8868,3892844211,10000,A937
"Hansen, Bosco and Harvey",99-237-1770,4042673693,10000,A938
Brakus-Wolf,83-297-7123,6525219057,9999,A939
Rutherford Inc,06-275-9412,8585302752,10000,A940
"Steuber, Mann and Herman",18-649-2456,6746975215,9999,A941
Howell Group,48-347-8434,6455101752,10000,A942
"Glover, Leffler and Wilderman",47-573-1330,5488564690,9999,A943
"Gerhold, Stokes and Mayer",47-227-4048,7305195814,10000,A944
Torp-Mueller,72-880-4285,9499132005,10000,A945
Schiller-Pouros,27-870-1687,8912384575,10000,A946
Lakin-Schamberger,11-208-0196,9633315431,10000,A947
"Simonis, Robel and Reynolds",76-578-9016,5613778672,9999,A948
Schultz LLC,47-155-7193,2912930092,9999,A949
Hintz and Sons,02-924-8113,2769345671,9999,A950
Collins Inc,58-280-0590,3941673510,10000,A951
Kreiger-Ryan,00-771-3613,6324328164,9999,A952
Powlowski LLC,99-907-1620,8598013896,9999,A953
"Roberts, D'Amore and Brown",14-539-0039,6151319612,10000,A954
Schuster-Shields,61-418-5293,4488630049,9999,A955
Crist-Lebsack,20-366-1672,3924551710,9999,A956
"Brakus, Bergstrom and Batz",46-914-8505,3145797310,10000,A957
Mueller-Wyman,31-288-8749,8534734362,10000,A958
Tillman-Franecki,20-932-6780,9714676673,10000,A959
"Jacobson, Hane and Blick",75-000-4561,7492477865,9999,A960
McGlynn-Collier,38-586-7541,8576082714,10000,A961
Hauck and Sons,44-839-8662,7958544990,10000,A962
Medhurst Group,71-448-1355,3025021128,9999,A963
Pfeffer Group,27-878-3179,5322467564,9999,A964
"Witting, Lesch and Streich",06-530-6981,4239854546,9999,A965
Steuber-Nicolas,44-340-4873,3026458869,10000,A966
Hudson-Dietrich,77-611-7422,6985130739,10000,A967
"Flatley, Rodriguez and Senger",95-269-6440,9086642346,9999,A968
Reilly LLC,97-153-6092,6214919263,9999,A969
"Bruen, Hettinger and Schowalter",77-924-0214,2516111636,9999,A970
Prosacco-Daugherty,75-552-1070,6134215352,10000,A971
Cormier Group,59-886-3445,7281713389,10000,A972
"Dach, Ondricka and Runolfsdottir",39-409-6710,9718400690,10000,A973
"Lynch, Jenkins and Schimmel",01-149-5131,1484548996,9999,A974
Johns-Reilly,27-173-0090,6053103606,9999,A975
Roob-Considine,56-078-5308,1639080513,10000,A976
"Johnson, Gerhold and Leuschke",95-723-4463,7982470039,10000,A977
Beahan-Dicki,12-802-0565,6464278915,9999,A978
D'Amore Inc,03-114-0853,3957176063,9999,A979
Satterfield Inc,82-649-0999,7131398168,10000,A980
Lesch Group,52-321-6185,2697657331,9999,A981
O'Conner-Bailey,78-193-9029,7618361490,10000,A982
"Abshire, Jones and Ernser",19-026-4796,7183295047,10000,A983
Stanton-Beier,80-416-1518,6362404720,10000,A984
Gleason-Schowalter,55-678-1919,7988359828,10000,A985
Mante and Sons,88-028-7426,7061390425,10000,A986
Cummings and Sons,71-241-2839,1075729431,9999,A987
Price-Moen,53-830-4688,1867854920,9999,A988
"White, Quigley and Homenick",67-060-6868,6263577040,9999,A989
Aufderhar-Spencer,39-812-0059,9048742538,9999,A990
Stokes-Waelchi,70-128-8738,3394939788,10000,A991
Wilderman-Hilll,54-350-6480,1199624666,9999,A992
Stamm LLC,22-170-3513,8537287664,9999,A993
Oberbrunner-Blanda,67-136-9817,2061818541,9999,A994
Kihn LLC,72-377-9083,2506413110,10000,A995
Auer-Bailey,83-667-7495,8185193502,9999,A996
Cummings Inc,82-910-9253,3284909221,9999,A997
Powlowski and Sons,89-226-7708,2019928261,9999,A998
Fritsch LLC,54-557-4602,8713998304,10000,A999
VonRueden-Sipes,44-850-7505,5876186002,10000,A1000